Designator,Val,Package,Mid X,Mid Y,Rotation,Layer
D1,LED,LED_D3.0mm,46.257501,-37.918638,0.0,top
D1,LED,LED_D3.0mm,99.177501,-11.415001,0.0,top
D1,LED,LED_D3.0mm,46.257501,-90.925912,0.0,top
D1,LED,LED_D3.0mm,19.797501,-64.422275,0.0,top
D1,LED,LED_D3.0mm,46.257501,-64.422275,0.0,top
D1,LED,LED_D3.0mm,72.717501,-90.925912,0.0,top
D1,LED,LED_D3.0mm,72.717501,-64.422275,0.0,top
D1,LED,LED_D3.0mm,72.717501,-37.918638,0.0,top
D1,LED,LED_D3.0mm,99.177501,-37.918638,0.0,top
D1,LED,LED_D3.0mm,46.257501,-11.415001,0.0,top
D1,LED,LED_D3.0mm,72.717501,-11.415001,0.0,top
D1,LED,LED_D3.0mm,99.177501,-90.925912,0.0,top
D1,LED,LED_D3.0mm,19.797501,-90.925912,0.0,top
D1,LED,LED_D3.0mm,19.797501,-37.918638,0.0,top
D1,LED,LED_D3.0mm,99.177501,-64.422275,0.0,top
D1,LED,LED_D3.0mm,19.797501,-11.415001,0.0,top
D2,LED,LED_D3.0mm,65.707501,-64.422275,0.0,top
D2,LED,LED_D3.0mm,92.167501,-37.918638,0.0,top
D2,LED,LED_D3.0mm,39.247501,-37.918638,0.0,top
D2,LED,LED_D3.0mm,92.167501,-90.925912,0.0,top
D2,LED,LED_D3.0mm,92.167501,-64.422275,0.0,top
D2,LED,LED_D3.0mm,92.167501,-11.415001,0.0,top
D2,LED,LED_D3.0mm,12.787501,-11.415001,0.0,top
D2,LED,LED_D3.0mm,12.787501,-90.925912,0.0,top
D2,LED,LED_D3.0mm,12.787501,-37.918638,0.0,top
D2,LED,LED_D3.0mm,39.247501,-11.415001,0.0,top
D2,LED,LED_D3.0mm,12.787501,-64.422275,0.0,top
D2,LED,LED_D3.0mm,39.247501,-90.925912,0.0,top
D2,LED,LED_D3.0mm,65.707501,-11.415001,0.0,top
D2,LED,LED_D3.0mm,65.707501,-37.918638,0.0,top
D2,LED,LED_D3.0mm,65.707501,-90.925912,0.0,top
D2,LED,LED_D3.0mm,39.247501,-64.422275,0.0,top
D3,LED,LED_D3.0mm,92.167501,-74.022275,0.0,top
D3,LED,LED_D3.0mm,39.247501,-100.525912,0.0,top
D3,LED,LED_D3.0mm,12.787501,-74.022275,0.0,top
D3,LED,LED_D3.0mm,39.247501,-21.015001,0.0,top
D3,LED,LED_D3.0mm,12.787501,-100.525912,0.0,top
D3,LED,LED_D3.0mm,65.707501,-74.022275,0.0,top
D3,LED,LED_D3.0mm,65.707501,-47.518638,0.0,top
D3,LED,LED_D3.0mm,39.247501,-74.022275,0.0,top
D3,LED,LED_D3.0mm,12.787501,-47.518638,0.0,top
D3,LED,LED_D3.0mm,92.167501,-47.518638,0.0,top
D3,LED,LED_D3.0mm,65.707501,-21.015001,0.0,top
D3,LED,LED_D3.0mm,92.167501,-21.015001,0.0,top
D3,LED,LED_D3.0mm,92.167501,-100.525912,0.0,top
D3,LED,LED_D3.0mm,39.247501,-47.518638,0.0,top
D3,LED,LED_D3.0mm,65.707501,-100.525912,0.0,top
D3,LED,LED_D3.0mm,12.787501,-21.015001,0.0,top
D4,LED,LED_D3.0mm,72.692501,-47.493638,0.0,top
D4,LED,LED_D3.0mm,46.232501,-73.997275,0.0,top
D4,LED,LED_D3.0mm,99.152501,-47.493638,0.0,top
D4,LED,LED_D3.0mm,19.772501,-73.997275,0.0,top
D4,LED,LED_D3.0mm,19.772501,-100.500912,0.0,top
D4,LED,LED_D3.0mm,72.692501,-100.500912,0.0,top
D4,LED,LED_D3.0mm,19.772501,-47.493638,0.0,top
D4,LED,LED_D3.0mm,19.772501,-20.990001,0.0,top
D4,LED,LED_D3.0mm,72.692501,-20.990001,0.0,top
D4,LED,LED_D3.0mm,99.152501,-100.500912,0.0,top
D4,LED,LED_D3.0mm,46.232501,-100.500912,0.0,top
D4,LED,LED_D3.0mm,99.152501,-73.997275,0.0,top
D4,LED,LED_D3.0mm,46.232501,-20.990001,0.0,top
D4,LED,LED_D3.0mm,99.152501,-20.990001,0.0,top
D4,LED,LED_D3.0mm,46.232501,-47.493638,0.0,top
D4,LED,LED_D3.0mm,72.692501,-73.997275,0.0,top
J1,Conn_01x02_Pin,PinHeader_1x02_P2.54mm_Vertical,87.76,-95.730911,180.0,bottom
J1,Conn_01x02_Pin,PinHeader_1x02_P2.54mm_Vertical,61.3,-95.730911,180.0,bottom
J1,Conn_01x02_Pin,PinHeader_1x02_P2.54mm_Vertical,61.3,-16.22,180.0,bottom
J1,Conn_01x02_Pin,PinHeader_1x02_P2.54mm_Vertical,8.38,-42.723637,180.0,bottom
J1,Conn_01x02_Pin,PinHeader_1x02_P2.54mm_Vertical,61.3,-69.227274,180.0,bottom
J1,Conn_01x02_Pin,PinHeader_1x02_P2.54mm_Vertical,8.38,-95.730911,180.0,bottom
J1,Conn_01x02_Pin,PinHeader_1x02_P2.54mm_Vertical,87.76,-16.22,180.0,bottom
J1,Conn_01x02_Pin,PinHeader_1x02_P2.54mm_Vertical,34.84,-16.22,180.0,bottom
J1,Conn_01x02_Pin,PinHeader_1x02_P2.54mm_Vertical,61.3,-42.723637,180.0,bottom
J1,Conn_01x02_Pin,PinHeader_1x02_P2.54mm_Vertical,87.76,-42.723637,180.0,bottom
J1,Conn_01x02_Pin,PinHeader_1x02_P2.54mm_Vertical,8.38,-16.22,180.0,bottom
J1,Conn_01x02_Pin,PinHeader_1x02_P2.54mm_Vertical,8.38,-69.227274,180.0,bottom
J1,Conn_01x02_Pin,PinHeader_1x02_P2.54mm_Vertical,34.84,-69.227274,180.0,bottom
J1,Conn_01x02_Pin,PinHeader_1x02_P2.54mm_Vertical,87.76,-69.227274,180.0,bottom
J1,Conn_01x02_Pin,PinHeader_1x02_P2.54mm_Vertical,34.84,-95.730911,180.0,bottom
J1,Conn_01x02_Pin,PinHeader_1x02_P2.54mm_Vertical,34.84,-42.723637,180.0,bottom
J2,Conn_01x04_Pin,PinHeader_1x04_P2.54mm_Vertical,76.95,-15.6,0.0,bottom
J2,Conn_01x04_Pin,PinHeader_1x04_P2.54mm_Vertical,76.95,-68.607274,0.0,bottom
J2,Conn_01x04_Pin,PinHeader_1x04_P2.54mm_Vertical,24.03,-42.103637,0.0,bottom
J2,Conn_01x04_Pin,PinHeader_1x04_P2.54mm_Vertical,103.41,-68.607274,0.0,bottom
J2,Conn_01x04_Pin,PinHeader_1x04_P2.54mm_Vertical,103.41,-15.6,0.0,bottom
J2,Conn_01x04_Pin,PinHeader_1x04_P2.54mm_Vertical,50.49,-68.607274,0.0,bottom
J2,Conn_01x04_Pin,PinHeader_1x04_P2.54mm_Vertical,50.49,-95.110911,0.0,bottom
J2,Conn_01x04_Pin,PinHeader_1x04_P2.54mm_Vertical,76.95,-95.110911,0.0,bottom
J2,Conn_01x04_Pin,PinHeader_1x04_P2.54mm_Vertical,24.03,-68.607274,0.0,bottom
J2,Conn_01x04_Pin,PinHeader_1x04_P2.54mm_Vertical,103.41,-42.103637,0.0,bottom
J2,Conn_01x04_Pin,PinHeader_1x04_P2.54mm_Vertical,24.03,-15.6,0.0,bottom
J2,Conn_01x04_Pin,PinHeader_1x04_P2.54mm_Vertical,50.49,-42.103637,0.0,bottom
J2,Conn_01x04_Pin,PinHeader_1x04_P2.54mm_Vertical,24.03,-95.110911,0.0,bottom
J2,Conn_01x04_Pin,PinHeader_1x04_P2.54mm_Vertical,76.95,-42.103637,0.0,bottom
J2,Conn_01x04_Pin,PinHeader_1x04_P2.54mm_Vertical,103.41,-95.110911,0.0,bottom
J2,Conn_01x04_Pin,PinHeader_1x04_P2.54mm_Vertical,50.49,-15.6,0.0,bottom
R1,R,R_1210_3225Metric_Pad1.30x2.65mm_HandSolder,64.436,-61.704274,180.0,bottom
R1,R,R_1210_3225Metric_Pad1.30x2.65mm_HandSolder,90.896,-35.200637,180.0,bottom
R1,R,R_1210_3225Metric_Pad1.30x2.65mm_HandSolder,90.896,-61.704274,180.0,bottom
R1,R,R_1210_3225Metric_Pad1.30x2.65mm_HandSolder,64.436,-8.697,180.0,bottom
R1,R,R_1210_3225Metric_Pad1.30x2.65mm_HandSolder,37.976,-61.704274,180.0,bottom
R1,R,R_1210_3225Metric_Pad1.30x2.65mm_HandSolder,37.976,-88.207911,180.0,bottom
R1,R,R_1210_3225Metric_Pad1.30x2.65mm_HandSolder,37.976,-8.697,180.0,bottom
R1,R,R_1210_3225Metric_Pad1.30x2.65mm_HandSolder,11.516,-8.697,180.0,bottom
R1,R,R_1210_3225Metric_Pad1.30x2.65mm_HandSolder,11.516,-35.200637,180.0,bottom
R1,R,R_1210_3225Metric_Pad1.30x2.65mm_HandSolder,64.436,-35.200637,180.0,bottom
R1,R,R_1210_3225Metric_Pad1.30x2.65mm_HandSolder,90.896,-8.697,180.0,bottom
R1,R,R_1210_3225Metric_Pad1.30x2.65mm_HandSolder,11.516,-61.704274,180.0,bottom
R1,R,R_1210_3225Metric_Pad1.30x2.65mm_HandSolder,64.436,-88.207911,180.0,bottom
R1,R,R_1210_3225Metric_Pad1.30x2.65mm_HandSolder,11.516,-88.207911,180.0,bottom
R1,R,R_1210_3225Metric_Pad1.30x2.65mm_HandSolder,37.976,-35.200637,180.0,bottom
R1,R,R_1210_3225Metric_Pad1.30x2.65mm_HandSolder,90.896,-88.207911,180.0,bottom
R2,R,R_1210_3225Metric_Pad1.30x2.65mm_HandSolder,73.707,-61.697275,180.0,bottom
R2,R,R_1210_3225Metric_Pad1.30x2.65mm_HandSolder,47.247,-61.697275,180.0,bottom
R2,R,R_1210_3225Metric_Pad1.30x2.65mm_HandSolder,100.167,-35.193638,180.0,bottom
R2,R,R_1210_3225Metric_Pad1.30x2.65mm_HandSolder,47.247,-88.200912,180.0,bottom
R2,R,R_1210_3225Metric_Pad1.30x2.65mm_HandSolder,47.247,-8.690001,180.0,bottom
R2,R,R_1210_3225Metric_Pad1.30x2.65mm_HandSolder,73.707,-8.690001,180.0,bottom
R2,R,R_1210_3225Metric_Pad1.30x2.65mm_HandSolder,20.787,-61.697275,180.0,bottom
R2,R,R_1210_3225Metric_Pad1.30x2.65mm_HandSolder,100.167,-88.200912,180.0,bottom
R2,R,R_1210_3225Metric_Pad1.30x2.65mm_HandSolder,20.787,-8.690001,180.0,bottom
R2,R,R_1210_3225Metric_Pad1.30x2.65mm_HandSolder,20.787,-35.193638,180.0,bottom
R2,R,R_1210_3225Metric_Pad1.30x2.65mm_HandSolder,47.247,-35.193638,180.0,bottom
R2,R,R_1210_3225Metric_Pad1.30x2.65mm_HandSolder,73.707,-35.193638,180.0,bottom
R2,R,R_1210_3225Metric_Pad1.30x2.65mm_HandSolder,100.167,-8.690001,180.0,bottom
R2,R,R_1210_3225Metric_Pad1.30x2.65mm_HandSolder,73.707,-88.200912,180.0,bottom
R2,R,R_1210_3225Metric_Pad1.30x2.65mm_HandSolder,100.167,-61.697275,180.0,bottom
R2,R,R_1210_3225Metric_Pad1.30x2.65mm_HandSolder,20.787,-88.200912,180.0,bottom
R3,R,R_1210_3225Metric_Pad1.30x2.65mm_HandSolder,64.309,-23.937,180.0,bottom
R3,R,R_1210_3225Metric_Pad1.30x2.65mm_HandSolder,37.849,-103.447911,180.0,bottom
R3,R,R_1210_3225Metric_Pad1.30x2.65mm_HandSolder,90.769,-23.937,180.0,bottom
R3,R,R_1210_3225Metric_Pad1.30x2.65mm_HandSolder,64.309,-103.447911,180.0,bottom
R3,R,R_1210_3225Metric_Pad1.30x2.65mm_HandSolder,37.849,-50.440637,180.0,bottom
R3,R,R_1210_3225Metric_Pad1.30x2.65mm_HandSolder,11.389,-23.937,180.0,bottom
R3,R,R_1210_3225Metric_Pad1.30x2.65mm_HandSolder,90.769,-50.440637,180.0,bottom
R3,R,R_1210_3225Metric_Pad1.30x2.65mm_HandSolder,64.309,-76.944274,180.0,bottom
R3,R,R_1210_3225Metric_Pad1.30x2.65mm_HandSolder,90.769,-103.447911,180.0,bottom
R3,R,R_1210_3225Metric_Pad1.30x2.65mm_HandSolder,64.309,-50.440637,180.0,bottom
R3,R,R_1210_3225Metric_Pad1.30x2.65mm_HandSolder,11.389,-50.440637,180.0,bottom
R3,R,R_1210_3225Metric_Pad1.30x2.65mm_HandSolder,90.769,-76.944274,180.0,bottom
R3,R,R_1210_3225Metric_Pad1.30x2.65mm_HandSolder,37.849,-23.937,180.0,bottom
R3,R,R_1210_3225Metric_Pad1.30x2.65mm_HandSolder,11.389,-103.447911,180.0,bottom
R3,R,R_1210_3225Metric_Pad1.30x2.65mm_HandSolder,37.849,-76.944274,180.0,bottom
R3,R,R_1210_3225Metric_Pad1.30x2.65mm_HandSolder,11.389,-76.944274,180.0,bottom
R4,R,R_1210_3225Metric_Pad1.30x2.65mm_HandSolder,100.929,-76.944274,180.0,bottom
R4,R,R_1210_3225Metric_Pad1.30x2.65mm_HandSolder,21.549,-103.447911,180.0,bottom
R4,R,R_1210_3225Metric_Pad1.30x2.65mm_HandSolder,21.549,-23.937,180.0,bottom
R4,R,R_1210_3225Metric_Pad1.30x2.65mm_HandSolder,48.009,-23.937,180.0,bottom
R4,R,R_1210_3225Metric_Pad1.30x2.65mm_HandSolder,48.009,-103.447911,180.0,bottom
R4,R,R_1210_3225Metric_Pad1.30x2.65mm_HandSolder,74.469,-103.447911,180.0,bottom
R4,R,R_1210_3225Metric_Pad1.30x2.65mm_HandSolder,100.929,-23.937,180.0,bottom
R4,R,R_1210_3225Metric_Pad1.30x2.65mm_HandSolder,48.009,-50.440637,180.0,bottom
R4,R,R_1210_3225Metric_Pad1.30x2.65mm_HandSolder,74.469,-23.937,180.0,bottom
R4,R,R_1210_3225Metric_Pad1.30x2.65mm_HandSolder,74.469,-50.440637,180.0,bottom
R4,R,R_1210_3225Metric_Pad1.30x2.65mm_HandSolder,100.929,-103.447911,180.0,bottom
R4,R,R_1210_3225Metric_Pad1.30x2.65mm_HandSolder,48.009,-76.944274,180.0,bottom
R4,R,R_1210_3225Metric_Pad1.30x2.65mm_HandSolder,100.929,-50.440637,180.0,bottom
R4,R,R_1210_3225Metric_Pad1.30x2.65mm_HandSolder,21.549,-50.440637,180.0,bottom
R4,R,R_1210_3225Metric_Pad1.30x2.65mm_HandSolder,21.549,-76.944274,180.0,bottom
R4,R,R_1210_3225Metric_Pad1.30x2.65mm_HandSolder,74.469,-76.944274,180.0,bottom
